{
    "catalyst": 0.8275862068965517,
    "co_catalyst": 0.6206896551724138,
    "light_source": 0.8275862068965517,
    "lamp": 0.6206896551724138,
    "reactor_type": 0.3103448275862069,
    "reaction_medium": 0.6206896551724138,
    "operation_mode": 0.8275862068965517
}